sample_name,target,window_idx,commercial_score,commercial_pred,fallback,fallback_reason,SQI_FLAT_RATIO,SQI_SPIKE_RATIO,GREEN_ROBUST_RANGE_RATIO,AMB_ROBUST_RANGE_RATIO,GREEN_SEG_ACDC_CV,AMB_SEG_ACDC_CV,GREEN_BAND_ENERGY_RATIO,AMB_BAND_ENERGY_RATIO,SIG_LEN,SIG_SEC,G_mean_mean,G_mean_std,G_mean_diff_std,G_mean_acdc,Ambient_mean,Ambient_std,Ambient_p95,corr_Ambient_Gmean,GREEN_DC_MEDIAN,GREEN_DC_IQR,GREEN_AC_RMS,GREEN_AC_MAD,GREEN_AC_DC_RATIO,GREEN_DERIV_MAD,GREEN_FFT_PEAK_MEDIAN_RATIO,GREEN_DOM_FREQ,GREEN_AUTO_CORR_PEAK,GREEN_AUTO_CORR_LAG_SEC,AMBX_DC_MEDIAN,AMBX_DC_IQR,AMBX_AC_RMS,AMBX_AC_MAD,AMBX_AC_DC_RATIO,AMBX_DERIV_MAD,AMBX_FFT_PEAK_MEDIAN_RATIO,AMBX_DOM_FREQ,AMBX_AUTO_CORR_PEAK,AMBX_AUTO_CORR_LAG_SEC,GREEN_bp_skewness,GREEN_bp_kurtosis,G_imbalance_mean,G_imbalance_p90,G_imbalance_iqr,G_rangeNorm_mean,G_rangeNorm_p90,G_spatial_vmag_mean,G_spatial_vmag_p90,G_spatial_vmag_iqr,G_spatial_vmag_std,G_SPATIAL_VMAG_RANGE,G_ch_dc_cv,G_ch_dc_max_min_ratio,G_bp_corr_mean,G_bp_corr_min,G_bp_corr_std,G_2OF3_AC_SUPPORT,G_TOP2_TO_ALL_AC_RATIO,G_TOP2_CORR_MIN,G_WEAK_CHANNEL_GAP,G_SPATIAL_STABILITY_SCORE,G_TOP1_TO_TOP2_AC_RATIO,G_TOP2_SWITCH_RATE,G_TOP2_RANK_STABILITY,G_TOP2_CHANNEL_COUNT,G_TOP2_WORST_IDX,G1_DC_MEDIAN,G1_DC_IQR,G1_AC_MAD,G1_AC_DC_RATIO,G1_DERIV_MAD,G1_FFT_PEAK_MEDIAN_RATIO,G1_DOM_FREQ,G1_AUTO_CORR_PEAK,G2_DC_MEDIAN,G2_DC_IQR,G2_AC_MAD,G2_AC_DC_RATIO,G2_DERIV_MAD,G2_FFT_PEAK_MEDIAN_RATIO,G2_DOM_FREQ,G2_AUTO_CORR_PEAK,G3_DC_MEDIAN,G3_DC_IQR,G3_AC_MAD,G3_AC_DC_RATIO,G3_DERIV_MAD,G3_FFT_PEAK_MEDIAN_RATIO,G3_DOM_FREQ,G3_AUTO_CORR_PEAK,G_consensus_DC_MEDIAN_min,G_consensus_DC_MEDIAN_max,G_consensus_DC_MEDIAN_range,G_consensus_DC_MEDIAN_cv,G_consensus_DC_MEDIAN_top2_mean,G_consensus_AC_RMS_min,G_consensus_AC_RMS_max,G_consensus_AC_RMS_range,G_consensus_AC_RMS_cv,G_consensus_AC_RMS_top2_mean,G_consensus_AC_MAD_min,G_consensus_AC_MAD_max,G_consensus_AC_MAD_cv,G_consensus_AC_MAD_top2_mean,G_consensus_AC_DC_RATIO_min,G_consensus_AC_DC_RATIO_max,G_consensus_AC_DC_RATIO_range,G_consensus_AC_DC_RATIO_cv,G_consensus_AC_DC_RATIO_top2_mean,G_consensus_DERIV_MAD_min,G_consensus_DERIV_MAD_max,G_consensus_DERIV_MAD_range,G_consensus_DERIV_MAD_cv,G_consensus_DERIV_MAD_top2_mean,G_consensus_FFT_PEAK_MEDIAN_RATIO_min,G_consensus_FFT_PEAK_MEDIAN_RATIO_max,G_consensus_FFT_PEAK_MEDIAN_RATIO_range,G_consensus_FFT_PEAK_MEDIAN_RATIO_cv,G_consensus_FFT_PEAK_MEDIAN_RATIO_top2_mean,G_consensus_AUTO_CORR_PEAK_min,G_consensus_AUTO_CORR_PEAK_max,G_consensus_AUTO_CORR_PEAK_range,G_consensus_AUTO_CORR_PEAK_cv,G_consensus_AUTO_CORR_PEAK_top2_mean,G_DROPOUT_COUNT,G_MIN_CHANNEL_ID,G_DROPOUT_ANGLE,GREEN_AMB_BP_CORR,GREEN_AMB_ENV_CORR,GREEN_AMB_LEAK,GREEN_CORR,GREEN_AC,AMB_AC,GREEN_DC,AMB_DC,GREEN_XCORR,FFT_PEAK_MEDIAN_RATIO,GREEN_FFT_peak_width_Hz,GREEN_FFT_SNR,G_bp_lag_std,corr_Gmean_G_imbalance,corr_Gmean_vmag,corr_Ambient_vmag,AMB_AC_TO_GREEN_AC,AMB_DC_TO_GREEN_DC,GCH_DC_RANGE_RATIO,GCH_AC_RANGE_RATIO,AMB_DOM_FREQ,AMB_FFT_PEAK_MEDIAN_RATIO,AMBX_bp_skewness,AMBX_bp_kurtosis,GREEN_SAT_FRAC,GREEN_CLIP_RATE,GTOP2_ROBUST_RANGE_RATIO,GTOP2_SEG_ACDC_CV,GTOP2_BAND_ENERGY_RATIO,GTOP2_DC_MEDIAN,GTOP2_DC_IQR,GTOP2_AC_RMS,GTOP2_AC_MAD,GTOP2_AC_DC_RATIO,GTOP2_DERIV_MAD,GTOP2_FFT_PEAK_MEDIAN_RATIO,GTOP2_DOM_FREQ,GTOP2_AUTO_CORR_PEAK,GTOP2_AUTO_CORR_LAG_SEC,GTOP2_bp_skewness,GTOP2_bp_kurtosis,GTOP2_zero_cross_rate,GTOP2_abs_diff_ratio,GTOP2_HALF_ACDC_DELTA,GTOP2_SEG_ACDC_RANGE,GREEN_AMB_LEAK_STABILITY,GREEN_AMB_SEG_CORR_RANGE,TOTAL_INVALID_COUNT,PPG_INVALID_COUNT,GREEN_INVALID_COUNT
s_0014,0,3,-2000.0,0,False,,0.0,0.004032258064516129,17.654442237331185,0.009429795424683123,0.8003907706531659,0.21389963847964188,0.7427641588961108,0.46096951884034554,125.0,5.0,1.951843308794002,9.888457638395419,6.620294945562718,1.0305788095760373,99569.342421875,4460.02518328938,100429.88671875,-0.06029873045985036,1.9088857703738746,12.987058136198256,1.9672572248506062,1.2046148677037738,1.0305788095760373,0.9155181667687765,2.7378804886122285,1.3671875,0.21527748625177612,1.48,99961.65625,255.796875,2383.5713632993056,175.7986557259565,0.023844856645212954,39.92824287993888,8.46234786436082,0.68359375,0.1615469604496057,0.32,-0.25966331385503544,2.7075091889167977,5.681137376656615,14.330413725773388,4.001879053494115,0.7112967235800347,0.9465508847313604,0.6468774288489016,0.8560012981468611,0.2293706713040944,0.19780138263436536,0.5079970297867775,2.0037480916169366,16.353394033104475,-0.012017314047766745,-0.1175503081053541,0.135824455590357,1.0,0.6812738039082555,-0.09824547331394078,0.06432276083259052,0.0,1.0599033141765803,0.6666666666666666,0.33333333333333337,2.0,2.0,-0.9453212420145671,22.739014943440758,2.3811687827375776,3.560037323061461,1.4356542781420252,2.5661483422533173,1.66015625,0.08625439008379195,-0.3734788099924722,23.196068048477173,2.5115570370394984,10.354743840531622,1.446026049515731,2.2962684783147753,1.5625,0.2519616174127724,6.107646306355795,20.87545669078827,2.0623057698366387,0.521592492438555,1.2197669417306338,2.5373791264079597,2.5390625,0.16096990499668526,-0.9453212420145671,6.107646306355795,7.052967548370362,1.292090609730354,2.8670837481816616,3.185702459866296,3.8672774073593406,0.6815749474930444,0.08305453469106935,3.6163281556105678,2.0623057698366387,2.5115570370394984,0.08139840058110709,2.446362909888538,0.521592492438555,10.354743840531622,9.833151348093066,0.8542671639595624,6.957390581796542,1.2197669417306338,1.446026049515731,0.22625910778509728,0.07629080156648652,1.4408401638288781,2.2962684783147753,2.5661483422533173,0.269879863938542,0.04906064697838768,2.5517637343306383,0.08625439008379195,0.2519616174127724,0.16570722732898047,0.40721330704504494,0.20646576120472881,0.0,2.0,105.26692632619167,-0.11733508770369025,-0.3035525279491678,142.1657277083748,0.9339978577521972,1.8766096138541104,1322.1052251393044,1.9088857703738746,99961.65625,0.21527748625177612,2.7378804886122285,2.5390625,21.438107599459,17.0,-0.07106802577209868,0.09504207941050435,-0.03215946702460083,1211.6216085972706,52366.49452856947,4.418371674781459,0.19626170372947552,0.68359375,8.46234786436082,2.4598821479843025,8.39799362581868,0.008,0.0,56.04390953028673,0.9677926265904009,0.6987106413316992,-0.7311415672302246,18.05206263065338,2.4353636494235316,1.6556493227163598,3.33090574872214,0.9153690259860535,2.7411608059089727,2.734375,0.14232503026026494,1.48,0.25511472006042896,3.2028028831940647,0.1693548387096774,0.6125491810165185,0.8717018651352783,2.1189814316446363,0.7510990789835261,0.9133295265064959,0.0,0.0,0.0
s_0014,0,4,-2000.0,0,False,,0.0,0.004032258064516129,148.08996547249436,0.00832400936991888,0.4504551534374438,0.37074413690143393,0.7306866712068016,0.5178492900880761,125.0,5.0,-0.08470962288561815,9.98954508366996,6.698224179041695,9.219847626880313,99573.706734375,4456.496756474771,100348.46875,0.10507588955568382,-0.22294417354795648,13.581543525060018,2.055511309431359,1.1771789022021342,9.219847626880313,0.9222072307094731,2.151163260574669,1.3671875,0.26898939727141613,1.48,99960.84375,256.28125,2366.863505808699,138.7343757880226,0.023677906438326745,43.23435367841131,7.5475016685101854,0.68359375,0.15874081385518735,0.32,-0.10804048233115716,2.730369513802978,5.6635752093990535,14.330413725773388,4.246902501584664,0.7103824290165258,0.9465508847313604,0.6464447184462564,0.8560012981468611,0.2569580537979159,0.20304269013662885,0.53017753962547,12.747313996459315,2.209616057860792,0.021744511504740337,-0.03497990183605255,0.07784807728546646,1.0,0.6847983606008856,-0.03497990183605255,0.0794322608665101,0.0,1.0564280820416774,0.3333333333333333,0.6666666666666667,2.0,2.0,-4.589099248250326,22.656223068634667,2.4008201029513794,0.7421044944315525,1.5272229580144474,2.5850770375025793,1.66015625,0.19737029980322857,-2.8619918823242188,26.996086915334068,2.938123174829091,1.3973468680610888,1.4819863910082325,2.0484105044862466,2.734375,0.17237516525818067,6.323903242746989,18.26026701927185,1.9521509971562498,0.48469208903262173,1.4472983230475427,2.3254755855677813,2.5390625,0.13910838516306806,-4.589099248250326,6.323903242746989,10.913002490997314,1.0430943151155152,1.7309556802113852,3.0651458735681785,3.999195393184802,0.9340495196166234,0.11059226570379045,3.702393285352656,1.9521509971562498,2.938123174829091,0.1658447468558635,2.669471638890235,0.48469208903262173,1.3973468680610888,0.912654779028467,0.43923824438174497,1.0697256812463207,1.4472983230475427,1.5272229580144474,0.07992463496690472,0.022028696838714338,1.50460467451134,2.0484105044862466,2.5850770375025793,0.5366665330163327,0.09446746044043712,2.4552763115351803,0.13910838516306806,0.19737029980322857,0.058261914640160506,0.14069912972487544,0.18487273253070463,0.0,2.0,98.893600324322,-0.11674767345412036,0.05220058940573824,134.43166496748836,0.9317709719420367,1.9003983749181215,1286.2755456760106,-0.22294417354795648,99961.65625,0.26898939727141613,2.151163260574669,2.63671875,16.166478156361272,1.0,-0.0009899385883007105,0.11484720911594916,0.14368153149280746,1151.4718965289087,448367.1502096892,29.044853858395463,0.2676376923885213,0.68359375,7.5475016685101854,2.4638365286068638,8.380889995128761,0.008,0.0,10.818328508400873,0.15617586518731924,0.7891738935410114,-3.6930185953776045,17.782512029012043,2.5861612331619543,1.8752889170466591,0.7002838372916785,0.9146349565251453,2.120410991347584,1.3671875,0.2328127842108659,1.48,0.39651053560766586,3.0754859999314013,0.16129032258064516,0.5954003988631684,0.5353021573002303,0.3738261654445552,0.5447464223680357,0.6807562652560315,0.0,0.0,0.0
s_0014,0,5,-2000.0,0,False,,0.0,0.004032258064516129,151.11285703436903,0.008905675053895822,1.274400241090642,0.19024928062428295,0.719718806371139,0.4835210188362911,125.0,5.0,0.7245168641681474,8.991112565337515,6.021926763672637,8.996169514356168,99552.07865625,4453.695170743498,100364.1125,0.0023568999724111962,0.20204838116963705,11.568355613284641,1.8176614871212964,1.0987051329239912,8.996169514356168,0.7033290593869528,2.7061782362113935,1.171875,0.25325697472342,0.92,99954.171875,334.06640625,2368.105801970423,142.87462891788732,0.023691915580391305,54.75611194901215,8.066399431707046,0.68359375,0.1628075536435548,0.32,-0.26457090984001924,3.02713862907525,7.9879782757611615,18.215582757875307,4.433968849968816,0.7303220021150137,0.9400759798603929,0.6606571801938714,0.8380618790764855,0.19814272706685,0.18029444257640634,0.4743369686675473,2.394632851616574,467.2758056466598,-0.04559169216573611,-0.13572772629973368,0.064713831428113,1.0,0.6763236057422579,-0.13572772629973368,0.042835733099241644,0.0,1.0348406594181507,0.6666666666666666,0.33333333333333337,2.0,2.0,-1.8594540754954014,25.611297726631165,2.4719632162079908,1.8537936434270557,1.4266023462721824,2.309745967887538,3.80859375,0.1800973701671357,0.013070742289225556,21.239309469858803,2.6358376981554614,265.23348928199675,1.318481175386947,1.7970981474738041,1.85546875,0.24880667352660205,6.107646306355795,18.179118156433105,1.8662334638773348,0.4821840743755629,1.344267575225946,1.8030035970640872,2.44140625,0.1467342020551526,-1.8594540754954014,6.107646306355795,7.967100381851196,1.2786894188081304,3.06035852432251,2.945009780844459,3.4667985854075156,0.5217888045630565,0.07347269578753635,3.4569213654045656,1.8662334638773348,2.6358376981554614,0.14238566832579877,2.553900457181726,0.4821840743755629,265.23348928199675,264.7513052076212,1.3957077932481805,133.54364146271192,1.318481175386947,1.4266023462721824,0.10812117088523543,0.03382595607540217,1.3854349607490644,1.7970981474738041,2.309745967887538,0.5126478204137339,0.12197505541316395,2.0563747824758125,0.1467342020551526,0.24880667352660205,0.10207247147144943,0.22147017049734297,0.21445202184686887,0.0,2.0,61.914085902521116,0.056422172361656975,-0.3264725357490958,73.50855738318882,0.9332828052766521,1.7233008585972027,1289.9658634020414,0.20204838116963705,99954.28125,0.25325697472342,2.7061782362113935,2.34375,19.081479157224656,27.0,-0.04222254216446833,-0.08053773086289157,-0.05496051415139884,1302.831037983637,494704.14608561073,5.6089711656238475,0.15877774942249742,0.68359375,8.066399431707046,2.447087981456089,8.297883247324295,0.008,0.008064516129032258,33.476648764544585,0.33939397681216765,0.7528407673144897,-1.131880521774291,14.96075815955798,2.4269828064382417,1.4431369320478287,2.1442040566521197,0.925911154884953,2.787979503283123,1.171875,0.22566843550613522,1.04,0.14588367274262726,2.8117519802884705,0.1935483870967742,0.5676732096969196,0.6278414483716617,0.7930171086835093,0.39541000528224984,0.700544294216537,0.0,0.0,0.0
s_0014,0,6,-2000.0,0,False,,0.0,0.004032258064516129,114.92173083070456,0.00968998046345603,0.5168337001226035,0.19771580992311055,0.7725485147322133,0.4389246229090949,125.0,5.0,0.41193328860484874,10.16719365019977,6.6149145325321435,7.318249207687218,99557.54425,4470.313905196354,100442.53359375,-0.03135593189857583,0.29095194074842645,12.069656239615547,2.1292588098718666,1.2273260909561399,7.318249207687218,0.7219024685415945,3.1277765515214195,1.07421875,0.21361489104783296,0.92,99956.90625,354.84375,2371.381094404256,166.2696056491029,0.023724034520168597,57.92992704546046,8.688769769021581,0.68359375,0.16447065854071566,0.32,-0.36263626257571774,3.032819221148683,6.422634261253765,14.749342895306857,3.4516567390611645,0.7083432195645197,0.9400759798603929,0.6406836027594341,0.8380618790764855,0.18628846219472128,0.20496503648546102,0.5267825125220029,2.193338111820994,60.851406253057256,0.03350775764310864,-0.17430267983001954,0.17084864056804888,1.0,0.6700689871229563,0.03066559452022918,0.01523270260012955,0.018690742364129993,1.0051026827583218,1.0,0.0,2.0,2.0,-1.5657175381978354,26.617704391479492,2.5994828914330705,2.3478367294184226,1.7458893016873005,2.3789756238517565,1.171875,0.16538036011060417,-0.10550260543823242,25.75192767381668,2.973882124493101,35.27509707279046,1.5210586916237734,2.784632953446011,1.7578125,0.1737636002536846,6.419982512791951,20.291963040828705,2.0061052982164562,0.5155936204169911,1.3453140256633689,1.6554799549975803,1.66015625,0.13783062864211967,-1.5657175381978354,6.419982512791951,7.985700050989786,1.2872797773483746,3.1572399536768594,3.310102026785205,3.7216146483365096,0.41151262155130475,0.05160481731176351,3.698831896208338,2.0061052982164562,2.973882124493101,0.15770902660711292,2.7866825079630857,0.5155936204169911,35.27509707279046,34.759503452373465,1.2563239970279294,18.811466901104442,1.3453140256633689,1.7458893016873005,0.4005752760239316,0.10663504623829004,1.633473996655537,1.6554799549975803,2.784632953446011,1.1291529984484305,0.20546258740733483,2.5818042886488834,0.13783062864211967,0.1737636002536846,0.03593297161156492,0.09654243538252608,0.16957198018214437,0.0,2.0,65.79637380991998,-0.04254194449924813,0.3036808050653453,47.37947422685001,0.9427159583211365,1.9744462361617197,1308.946205869808,0.29095194074842645,99956.90625,0.21361489104783296,3.1277765515214195,1.26953125,32.494855955327054,37.0,-0.022355186884973195,-0.0495557921714985,-0.12028107158901122,1113.712003166889,343551.26139572606,5.044914504157999,0.11529369296064661,0.68359375,8.688769769021581,2.4601533350004643,8.393546932014932,0.008,0.008064516129032258,22.6988649316026,0.45139988309027484,0.7748552447347979,-1.7329010963439941,19.53502955039342,2.6553961982200107,1.9875772729649772,1.532341461275081,0.9561494474855516,3.52615272364104,1.07421875,0.24922535922721897,0.92,0.002000441272014438,2.5065235214846755,0.1774193548387097,0.5408706348162408,0.19007911369560926,1.0045508532948901,0.749993822640271,0.5129253916091663,0.0,0.0,0.0
s_0014,0,7,-2000.0,0,False,,0.0,0.004032258064516129,15.051384500149057,0.010468683202249095,0.8672428121339316,0.30306734237051347,0.822911043059587,0.46403680390383417,125.0,5.0,2.0913217681522163,9.64536143524609,6.150008815818156,0.9985143550668956,99579.2161875,4492.885329807006,100493.6296875,-0.037353777714257914,2.042977240350511,11.364269144005245,2.039942101566934,1.0899171571347512,0.9985143550668956,0.5684354561715975,3.2192041563745755,1.07421875,0.2850011889266585,0.88,99980.4140625,467.921875,2361.927582177427,144.759348983155,0.023623902784608727,53.569595037426865,7.595396565900393,0.68359375,0.16305615358780495,0.32,-0.08367095419209807,4.295926741918047,33.2516067156372,17.455016552902553,3.269115901373704,0.7225954722827052,0.9532227158911284,0.6526980684936223,0.8377752637586532,0.17187394970112502,0.1910059209663283,0.4997912451550681,1.0259227774249755,26.086434923010774,0.033529966646930635,-0.17493623464062755,0.18882939929810064,1.0,0.6791538976008064,0.28230093516440485,0.055159358081330774,0.17081216499618254,1.0020497340451298,0.3333333333333333,0.6666666666666667,2.0,2.0,-0.24610424041748047,24.512583017349243,2.8796509390086973,15.468777136740599,1.7529826173311513,2.942728733398228,1.07421875,0.19780129229683951,1.9396996895472203,22.03566523765524,2.5260941932575345,1.7560736025778128,1.4513827413986014,2.658383085961215,1.66015625,0.22769605026350365,6.419982512791951,21.122583707173664,1.8049934040612405,0.459171293941733,1.3090501763656064,2.2835726092354167,1.46484375,0.1423367861022278,-0.24610424041748047,6.419982512791951,6.666086753209432,0.9672450651305259,4.179841101169586,2.947871677482897,3.8069316474557713,0.8590599699728743,0.10362308804535093,3.606593534600768,1.8049934040612405,2.8796509390086973,0.18605516482057627,2.7028725661331157,0.459171293941733,15.468777136740599,15.009605842798866,1.1519866026093488,8.612425369659206,1.3090501763656064,1.7529826173311513,0.44393244096554496,0.1230210330555027,1.6021826793648763,2.2835726092354167,2.942728733398228,0.6591561241628114,0.10270905178449204,2.800555909679722,0.1423367861022278,0.22769605026350365,0.08535926416127584,0.18684205709504356,0.21274867128017158,0.0,2.0,32.22102431710917,0.10378245872705812,-0.3414559093865408,120.1635338694664,0.9455816291871969,1.827926639367458,1288.2738964899263,2.042977240350511,99996.265625,0.2850011889266585,3.2192041563745755,1.7578125,60.82043883985605,25.0,-0.024780245990857687,-0.24318291772723655,-0.044979891875565274,1157.840499670069,48938.58437957808,2.4647893140949537,0.25363300952853945,0.68359375,7.595396565900393,2.45501463685024,8.343632478179712,0.008,0.008064516129032258,17.624355438993955,0.2539664610248485,0.7832203217741684,2.1481249133745823,17.02681189775467,2.5459308053738687,1.8194323479608683,1.1851875044696472,0.9912578357528223,2.918898046899709,1.07421875,0.31509601313706276,0.92,-0.10207747749349848,2.695128609427132,0.20967741935483872,0.5780004787825475,0.03206109422427931,0.6006317415304264,0.5855498463285237,0.22656177625785018,0.0,0.0,0.0
s_0014,0,8,-2000.0,0,False,,0.0,0.004032258064516129,50.25391499518461,0.009519285014400665,0.16343276314903063,0.12146570468801335,0.788975387890048,0.4792922347034952,125.0,5.0,1.23002845413155,9.862174634401978,6.219247974554118,3.1908897099844067,99591.9135,4461.391487097815,100493.6296875,0.04707537190646026,0.6691705650753441,11.043199612034691,2.135249470329748,1.136682560842246,3.1908897099844067,0.6697117726152424,1.7927591103050076,1.07421875,0.15493447145439412,0.84,99984.53125,432.73828125,2369.7528126535058,142.73055146154945,0.023701194405044586,55.95805092764391,7.036406450464805,0.68359375,0.1599091351676386,0.32,0.06083995242591866,3.8894905905162864,33.270471870065556,17.455016552902553,4.103644803093477,0.7188445264962022,0.9532227158911284,0.6488025107655156,0.8377752637586532,0.18164705618650123,0.19122808057717225,0.5215746944431786,1.2853460322197852,10.186290013328653,0.09029459290897139,-0.04889855445694051,0.13309930835495123,1.0,0.678652587239348,0.2696276218911042,0.05298404902000629,0.16352936154004272,1.0077557669835489,0.3333333333333333,0.6666666666666667,2.0,2.0,-0.40347496668497707,23.93978758653005,2.590323603426158,9.034792903225247,1.564866677727797,2.1993107881412386,1.07421875,0.17751764975496143,0.7593789001305897,22.426156961669527,2.431353557544549,4.561527266921958,1.347699980277141,2.331125313454884,1.5625,0.09644083805192911,4.109913125634193,20.37168598175049,2.0390073655828798,0.7489946780993645,1.2801715285756563,2.5102579453076035,1.46484375,0.22204296374642235,-0.40347496668497707,4.109913125634193,4.51338809231917,1.0886352998879394,2.4346460128823915,3.0783030585522337,3.6453127656525433,0.5670097071003095,0.06962426874028323,3.554620162266279,2.0390073655828798,2.590323603426158,0.09844579091927229,2.5108385804853537,0.7489946780993645,9.034792903225247,8.285798225125882,0.7081572162930331,6.798160085073603,1.2801715285756563,1.564866677727797,0.2846951491521408,0.08690740925419631,1.456283329002469,2.1993107881412386,2.5102579453076035,0.3109471571663649,0.054298329456170503,2.4206916293812437,0.09644083805192911,0.22204296374642235,0.12560212569449325,0.314488370790032,0.1997803067506919,0.0,2.0,41.74800687196053,0.1118502986709818,0.1192805664013216,124.13423515825184,0.9470087356710402,1.9102475175172309,1290.6825641251994,0.6691705650753441,100027.921875,0.15493447145439412,1.7927591103050076,2.734375,118.22085848010492,35.0,-0.01449393345373022,-0.1725213703367244,-0.03424701787755057,1109.8247982641735,149415.61459535058,3.0319567724832868,0.1669714726442083,0.68359375,7.036406450464805,2.4781270375557987,8.482720037776337,0.008,0.008064516129032258,21.564295987205334,0.20764307427122,0.7106156414548267,1.8042320410410566,16.576414267222088,2.576189779955584,1.880553884580852,1.4278594556309097,1.0058528842094705,2.447207619746215,1.171875,0.1823137689689323,0.88,-0.013291724889828164,2.483374551856163,0.20161290322580644,0.5802187721074438,0.490709024792839,0.5039256969656405,0.23549343544649942,0.05509434908227122,0.0,0.0,0.0
s_0014,0,9,-2000.0,0,False,,0.0,0.020161290322580645,16.3248921436248,0.011269842342362633,0.9258648934437733,0.15064768031964013,0.7591387076795282,0.4839960302559367,125.0,5.0,1.8427270972198908,9.564884782436232,6.953724371521009,1.0568934221453048,99533.87828125,4489.71620279019,100541.8265625,0.06341037415882059,1.9806595858600407,10.10867260230912,2.0933460878066343,1.0904480202003315,1.0568934221453048,0.7776371908729358,2.3126119081486864,1.3671875,0.15111811314352794,1.44,100013.73828125,540.06640625,2328.1027263898477,193.66229003139114,0.023277829290241688,60.28509827141545,7.538345701657661,0.68359375,0.16741991034920875,0.32,-0.07899325463978484,4.076617010012868,32.69089207908716,11.556022588608105,3.336814435737366,0.740325292621029,0.960070273087085,0.6687903630921215,0.8460011221012265,0.21599751582088933,0.17922607742761548,0.4048716176207756,0.7729924482945608,62.84879753517232,0.08582881769649404,-0.03484293797407456,0.11110904579007565,1.0,0.6745648061286481,0.23332303203557261,0.035125488924188174,0.13981566360632958,1.030955111522965,0.6666666666666666,0.33333333333333337,2.0,1.0,4.268873850504558,24.43177588780721,2.618724011896884,0.8411943361294129,1.6849159731110395,2.0606350316524633,0.9765625,0.15732302266362636,-0.06792291005452533,17.546689192454018,1.9659017833897794,45.718051398164064,1.1436439230919897,2.2584500860396357,1.5625,0.2138363616569547,2.782846848169963,19.830509265263874,1.8695373846970118,1.1878775817851404,1.2996669131910115,2.2296867589062948,1.3671875,0.16643927546118228,-0.06792291005452533,4.268873850504558,4.336796760559083,0.7582434277452128,3.5258603493372602,3.1053030930771004,3.5909525046970745,0.4856494116199741,0.05977022776308507,3.448316944590993,1.8695373846970118,2.618724011896884,0.15468627385438535,2.292312897643332,0.8411943361294129,45.718051398164064,44.87685706203465,1.324095343370656,23.4529644899746,1.1436439230919897,1.6849159731110395,0.5412720500190498,0.16531265282168436,1.4922914431510255,2.0606350316524633,2.2584500860396357,0.1978150543871724,0.03997619466547676,2.2440684224729655,0.15732302266362636,0.2138363616569547,0.05651333899332833,0.1382429522188697,0.19013781855906847,0.0,1.0,-24.237086064724224,0.08369913290088521,-0.26453673724006954,93.08550585011076,0.9261976440018455,1.8550221612778228,1307.6132187951941,1.9806595858600407,100048.0,0.15111811314352794,2.3126119081486864,2.9296875,43.082072114867714,36.0,-0.021241502344077453,-0.12083274702887058,0.02175536810428639,1112.1442077588204,50495.16786993541,1.862939145069738,0.1456666081223811,0.68359375,7.538345701657661,2.4074081542851418,8.044668927505334,0.008,0.008064516129032258,18.976178831394748,1.3674634791364013,0.7303883350184651,2.3836621443430577,12.18490179379781,2.7091861950659295,1.347233862292907,1.1365646769585769,0.8684931015501843,2.1171735817089035,1.3671875,0.14356290402977476,1.12,-0.03563106119105837,4.903242229241269,0.20967741935483872,0.6949939918831315,1.9873947239924066,2.9249062451202184,1.172428896980135,0.424887490428071,0.0,0.0,0.0
s_0008,0,3,-2000.0,0,False,,0.0,0.012096774193548387,13.060062448859698,0.010192711784355712,1.1365726683790303,0.16161960016909982,0.7156583914758528,0.4290393984977505,125.0,5.0,1.4252192935943604,8.626505832196258,6.344519005969092,0.9036745721095691,99680.0931875,4462.764296497595,100508.6625,-0.021752364419900683,1.9783202807108566,10.638355890909828,1.7877577331688737,1.2160642419477294,0.9036745721095691,0.8085253046525207,2.575112353546759,0.87890625,0.24836851846571728,1.2,100091.5859375,333.4296875,2362.7885797159915,196.17474566651032,0.023606265777338997,45.1861898431724,9.084330912996956,0.68359375,0.16192758627419412,0.32,0.02021470808885628,3.605655623414738,28.334602411534675,8.702801831550422,3.433360859964756,0.7279599429164458,0.9602892021933803,0.6583443073033791,0.8567993691663064,0.2521534188441039,0.19217889367767987,0.5150850628139143,0.8476489685015066,10.681090477281336,-0.0723845880093618,-0.14363873652225773,0.082091209081753,1.0,0.7159884979121008,-0.11613373596418287,0.20665903761859228,0.0,1.0569491448912038,0.3333333333333333,0.6666666666666667,2.0,0.0,1.3848626613616943,14.34095327059428,1.6796802019597659,1.9872353542890553,1.0609099387010668,2.494582520234576,3.125,0.23518170379613226,4.838028907775879,22.920924027760826,2.1650084409634456,0.7832869124243087,1.2886334716875794,2.883433744343893,0.87890625,0.37095283399747975,0.45295270284016925,24.48167974750201,2.4463433210703727,7.670921448167677,1.4504446001886462,2.033320782545151,1.46484375,0.1815728878042844,0.45295270284016925,4.838028907775879,4.38507620493571,0.8476489723103021,3.1114457845687866,2.7520480414967654,3.7895647253928852,1.0375166838961198,0.13008522502094866,3.632064664315201,1.6796802019597659,2.4463433210703727,0.1510056958052582,2.305675881016909,0.7832869124243087,7.670921448167677,6.887634535743368,0.8629775846354365,4.829078401228366,1.0609099387010668,1.4504446001886462,0.3895346614875794,0.1261455956612517,1.3695390359381128,2.033320782545151,2.883433744343893,0.8501129617987417,0.14065339485319425,2.6890081322892345,0.1815728878042844,0.37095283399747975,0.18937994619319534,0.30354880968547887,0.303067268896806,0.0,0.0,162.77698228357147,-0.03857240304356753,-0.08959076591722646,50.97918566510418,0.9182917257568599,1.7953472891402886,1326.8186288205798,1.9783202807108566,100075.1328125,0.24836851846571728,2.575112353546759,4.296875,12.018226783640356,6.0,-0.01741932161426603,-0.16891748742578291,-0.04862962214231884,1321.6492010505979,50594.22729138892,1.970571523068787,0.3107522896879281,0.68359375,9.084330912996956,2.4692050020816154,8.423600986423027,0.008,0.0,64.94255748437332,0.39752864766981355,0.7829941074837888,0.572563529014587,12.943034569422405,2.417390019356689,1.4868840305159643,4.222046806768683,0.8297237224411964,2.395222661252586,0.87890625,0.2593224765073812,1.16,-0.07257523002377893,4.366456478676222,0.1935483870967742,0.6287215063396746,0.1645894232362185,0.9617631809791249,0.31390659050913233,0.2543814954186157,0.0,0.0,0.0
s_0008,0,4,-2000.0,0,False,,0.0,0.008064516129032258,29.23848138750663,0.01127619724958539,1.1018580173910704,0.16773850744954813,0.6549346233188772,0.4552880126091661,125.0,5.0,0.9770981729030606,9.1699962551565,6.700435333187844,1.9528021685020591,99669.79790625,4444.564507654311,100584.390625,0.0681424484692378,0.975892490810819,11.418755478329128,1.9057249722841485,1.254084769527815,1.9528021685020591,0.8763797418748156,2.3362733327088736,0.87890625,0.21022048211919261,1.24,100094.0,376.59375,2367.7055778335457,168.9593058201113,0.02365482024730299,50.59255462124254,8.198492786144056,0.68359375,0.1593124199072081,0.32,0.05218698484029831,3.1816222931799474,12.118280670863667,10.09653843808635,3.4001707703664534,0.6897603500022959,0.9285162327076283,0.6239556012058644,0.8353759199886028,0.2471103916321813,0.2001686196970362,0.5593742081688369,0.8115296738534156,7.001492835867538,-0.029495199784581472,-0.07975015110152135,0.03555154330950443,1.0,0.7057157391814641,-0.07975015110152135,0.16599773993511316,0.0,1.0293270636819545,0.0,1.0,2.0,0.0,1.063754399617513,19.122301657994587,2.129513553941412,2.6418359204294237,1.1126797117334326,3.0884963149013487,0.9765625,0.22859186787619043,4.091157913208008,28.753206888834633,2.7022199473447563,0.9623582727441357,1.357445265995362,3.3768251422788347,0.87890625,0.34092893802441554,0.5843265056610107,22.352149764696755,2.232473949180232,5.830736220010911,1.5711446313542454,2.923226355924571,1.85546875,0.201228857706171,0.5843265056610107,4.091157913208008,3.506831407546997,0.8115296780949981,2.5774561564127603,2.8102645834296656,3.9371596628802856,1.12689507945062,0.13599558718911836,3.672106691881006,2.129513553941412,2.7022199473447563,0.10586231811863782,2.4673469482624943,0.9623582727441357,5.830736220010911,4.868377947266775,0.64200748459,4.236286070220167,1.1126797117334326,1.5711446313542454,0.4584649196208128,0.13904840507258573,1.4642949486748038,2.923226355924571,3.3768251422788347,0.45359878635426387,0.059893844177618935,3.2326607285900915,0.201228857706171,0.34092893802441554,0.13970008031824455,0.2352783904700492,0.28476040295030297,0.0,0.0,151.95670809476528,-0.15831756876986577,0.019342297113302487,196.6964782939166,0.9174630057688254,1.8825155257930435,1309.1023223212214,0.975892490810819,100054.671875,0.21022048211919261,2.3362733327088736,3.22265625,22.917552982128946,32.0,-0.017719030451206586,-0.18147590460747778,-0.05030078200381448,1242.4172492185153,102566.62587569914,1.8330817997585616,0.3329255575002073,0.68359375,8.198492786144056,2.5000921037424875,8.58643071375822,0.008,0.0,149.99731568709296,0.38068390630745336,0.7265486498558318,0.24789603551228723,15.498930484056471,2.498586742563044,1.6733844819251629,10.079171848712523,1.008672580499247,2.444571083492079,0.9765625,0.2349100507838052,1.0,-0.019774388968220945,3.906022605190849,0.18548387096774194,0.664902452878823,0.20814670904589713,0.9260207028943295,0.5906747158202491,0.0623742589329115,0.0,0.0,0.0
s_0008,0,5,-2000.0,0,False,,0.0,0.024193548387096774,15.695619650787016,0.011281605133200225,0.4586767121384264,0.10509120331833167,0.5806755607279468,0.4685007868073766,125.0,5.0,1.457184589876069,9.475043030928788,6.552400848740802,0.9920248504144221,99614.257859375,4470.846297847802,100584.390625,0.05629663999056242,1.927989112006293,12.228549983766344,1.9126131104406616,1.3899649352253731,0.9920248504144221,0.8822585840504802,1.9187761159035956,1.46484375,0.20250624147047125,1.28,100046.01953125,406.8359375,2370.793064437876,177.20311225799026,0.02369702538437668,52.799397756763696,8.451926560018604,0.68359375,0.15953046134198448,0.32,-0.11027669733489974,2.6370065276771104,12.605750964279675,8.893948503594443,2.9722377718175386,0.6840864557983114,0.9360743399199867,0.6208915053257247,0.841522946138067,0.25214227820952284,0.20563762516685605,0.5681598067588872,0.4988117605464594,3.025938064138364,-0.027233488042459092,-0.09811839769037982,0.05013002421030012,1.0,0.7044796540517629,-0.09811839769037982,0.16102517894265786,0.0,1.0147229265526647,0.0,1.0,2.0,0.0,1.7465651830037436,18.573557138442993,2.0620776388472866,1.5740087568458827,1.23666722192746,2.496915930149644,0.87890625,0.20190585811053782,5.284998099009196,29.381815334161125,2.6447451493548044,0.7303991704904632,1.330875617804201,2.767575777975418,0.87890625,0.3229649474104952,2.307461738586426,22.12606958548228,2.344903762099074,1.553547358324636,1.5516828972765202,2.6422517674978203,1.7578125,0.25960430876831336,1.7465651830037436,5.284998099009196,3.5384329160054526,0.49881176214864553,3.796229918797811,2.7491088924531724,3.860158227561453,1.1110493351082806,0.13902692022541233,3.722454657990337,2.0620776388472866,2.6447451493548044,0.10121215837150453,2.4948244557269392,0.7303991704904632,1.5740087568458827,0.8436095863554195,0.30556137434932223,1.5637780575852593,1.23666722192746,1.5516828972765202,0.3150156753490603,0.09614988137847223,1.4412792575403606,2.496915930149644,2.767575777975418,0.27065984782577424,0.041963059742278305,2.704913772736619,0.20190585811053782,0.3229649474104952,0.12105908929995737,0.18906979315867814,0.29128462808940425,0.0,0.0,166.2314854988206,-0.09496749261442539,-0.14408570701709544,117.71762496453135,0.9225566427042831,1.9866875617029,1316.7571993357863,1.927989112006293,99955.046875,0.20250624147047125,1.9187761159035956,3.7109375,35.77349829930245,15.5,-0.027723968590216985,-0.27106353053087806,-0.011995097065589027,1239.5570497215776,51891.38201464674,1.136660274985715,0.32697096838283435,0.68359375,8.451926560018604,2.4643438526282297,8.384160265316634,0.008,0.0,31.559132561469955,0.3862212681451913,0.5404668862848784,1.180302624901136,18.378082980712254,2.501892442719802,1.7884392007327718,2.119704209693785,1.128304391416852,2.08622328339436,1.07421875,0.15952640680574226,0.64,-0.346411984084667,2.9344456586387357,0.16129032258064516,0.6171589539575099,1.477418940937199,0.9377952644291895,0.5430869739160686,0.2301203758729932,0.0,0.0,0.0
s_0008,0,6,-2000.0,0,False,,0.0,0.024193548387096774,7.21538314339743,0.011286453431749088,0.9693189704019365,0.2008270494906561,0.6266508360604691,0.4628133456123329,125.0,5.0,2.5811929475863766,8.808306878095022,6.516148596391287,0.4899791879346793,99598.298,4440.497820103426,100584.390625,0.007824644018588213,3.77876897652944,12.13137824005551,1.8515181545136343,1.2296341004992402,0.4899791879346793,0.8299684989247151,2.3231574932975336,1.46484375,0.09665892182010917,0.56,100003.04296875,393.51953125,2373.8368482444766,184.87352197602013,0.023737646153290336,53.52507021754322,8.636951186418816,0.68359375,0.16470545855719984,0.32,-0.12136962192746259,2.829836263804001,12.860087998309954,8.893948503594443,2.887314788509,0.6907901949270486,0.9543634049300159,0.6260593394153853,0.8566441180063552,0.24356297910575941,0.2108228984230566,0.5991985746715247,0.40492301577989837,2.517087898678915,-0.059067444763990375,-0.21493225992561554,0.11397568543516279,1.0,0.695243268426227,-0.016706161028188424,0.12330907666439493,0.0,1.0077333516765208,0.0,1.0,2.0,0.0,2.163084189097087,19.805808742841087,2.2191218077098323,1.2653239428886895,1.2506584187524221,1.5950487464386796,3.515625,0.186118309746814,2.855706532796224,27.710244615872703,2.8209417045218768,1.26875122633811,1.3344283177581362,3.8025876786345547,1.3671875,0.21347927911476405,5.44467306137085,26.91537670294444,2.6108743196662236,0.687567785803096,1.60034441264861,2.492837102821095,1.7578125,0.28341978461194745,2.163084189097087,5.44467306137085,3.2815888722737627,0.4049230169407449,4.150189797083537,2.7370022149510405,3.7435818012298943,1.0065795862788538,0.13326530084561108,3.683381483389697,2.2191218077098323,2.8209417045218768,0.0977903856931913,2.71590801209405,0.687567785803096,1.26875122633811,0.581183440535014,0.25437480503130155,1.2670375846133997,1.2506584187524221,1.60034441264861,0.3496859938961878,0.10685248631335104,1.4673863652033732,1.5950487464386796,3.8025876786345547,2.207538932195875,0.3446332477213662,3.1477123907278246,0.186118309746814,0.28341978461194745,0.09730147486513344,0.17995748948810358,0.24844953186335575,0.0,0.0,-173.71263490889316,-0.013822290425387213,0.0031647732919556477,17.721599034228607,0.9193601672281835,1.837286835956904,1323.965165963062,3.77876897652944,99956.5703125,0.09665892182010917,2.3231574932975336,3.515625,48.147725991590505,15.0,-0.05150890081149376,-0.26275528679270765,-0.02860846202686965,1282.1029285920047,26464.45008675021,0.9408707117202171,0.29887261872395227,0.68359375,8.636951186418816,2.4527329329149845,8.36489775349258,0.008,0.0,24.96087302015933,0.3374062521622893,0.6151845087543794,1.465755144755045,18.553632924954098,2.5830046055407525,1.93320953966413,1.7622347189297405,1.1325988624613808,2.467244434178595,1.26953125,0.11212933382523843,0.88,-0.27330517870136517,2.716603608525691,0.20161290322580644,0.6450449488604564,0.41824337003188716,0.7198557176734764,0.20685007203008612,0.16178227258974032,0.0,0.0,0.0
s_0008,0,7,-2000.0,0,False,,0.0,0.020161290322580645,17.91030258483279,0.011106448103518612,0.45047740482411847,0.17887977799753513,0.6301619320484652,0.49231360290536325,125.0,5.0,1.6130160449478368,9.578608150698246,6.494789635971346,1.1270436976436642,99606.197265625,4458.222222534326,100592.65,0.00523259663960701,1.715083983209399,12.084698372417026,1.9329745942079992,1.3883605991660297,1.1270436976436642,0.7914415597277158,2.3054520589973913,1.3671875,0.15644193621636363,1.44,99994.69921875,388.0546875,2378.920601047561,174.8231143798937,0.02379046709109446,51.726167247289254,8.031699676672783,0.68359375,0.15285516686715492,0.32,-0.030378184775414298,2.5040622696267176,13.485767485642425,10.859874423659056,2.975653199616046,0.6966979673793093,0.9561311725169903,0.6317007901851471,0.8469387634408305,0.21906994872341123,0.2006308137991848,0.5550378732086977,0.9985209470823557,12.596133570530633,-0.015990165966781284,-0.1894636514738404,0.13592252683045958,1.0,0.6792265704703656,-0.000965432803623854,0.05547443706208569,0.0,1.0443833227525599,0.3333333333333333,0.6666666666666667,2.0,0.0,6.2307802836100254,23.594745238622032,2.3485862930023877,0.4824382823000896,1.5589448071942513,2.2262704026723377,2.5390625,0.21893433768069528,-0.4946581522623698,25.88972282409668,2.906097881368062,6.91177206510399,1.290133422254374,2.786536525449679,1.3671875,0.2918442370370889,2.527143955230713,28.446724891662598,2.6252000243136355,1.497711926990391,1.680723478183885,1.8105619606575105,1.07421875,0.20172041063795687,-0.4946581522623698,6.2307802836100254,6.7254384358723955,0.89175583204215,4.378962119420369,3.005966937415051,3.7849336429737046,0.7789667055586538,0.09349926328981621,3.601949020785266,2.3485862930023877,2.906097881368062,0.0866530727196796,2.7656489528408486,0.4824382823000896,6.91177206510399,6.4293337828039006,0.9521399720058196,4.20474199604719,1.290133422254374,1.680723478183885,0.3905900559295108,0.10807113290010037,1.6198341426890681,1.8105619606575105,2.786536525449679,0.9759745647921683,0.1758196680597278,2.506403464061008,0.20172041063795687,0.2918442370370889,0.09012382639913202,0.16448329967526604,0.2553892873588921,0.0,0.0,-151.99630011528453,-0.12014868790672162,0.32624409463380677,147.86753520004206,0.9322212404497483,1.9956790092657775,1319.0566752135956,1.715083983209399,99960.7734375,0.15644193621636363,2.3054520589973913,2.83203125,25.938488391511598,27.5,-0.03198906364065721,-0.14931321741249742,-0.05682555621404328,1230.7045359905774,58303.09197545756,2.4416877172067943,0.22888648591192842,0.68359375,8.031699676672783,2.4851136808330616,8.485704367705077,0.008,0.0,50.63927807160538,0.4083693598947137,0.7250589154227827,-0.763843099276226,17.14197075366974,2.549284982098354,1.9542911539548986,3.3374458504727422,1.053267616004927,2.3324569723927313,1.3671875,0.14228994039383785,1.48,-0.07292761150262757,2.3620237333513234,0.18548387096774194,0.6247117822177076,0.14478970354483495,0.9998483433904386,0.28337757947771347,0.3656654162259029,0.0,0.0,0.0
s_0008,0,8,-2000.0,0,False,,0.0,0.016129032258064516,27.96341264990816,0.01136006302979015,0.5277935641154038,0.3632859885673859,0.682513489733263,0.48881519625537323,125.0,5.0,0.9619521687030791,9.579074812986693,6.4342692299613775,1.7768762004179102,99586.60803125,4437.374503298402,100604.72421875,-0.02799100089562837,1.1300991574923194,11.689697603384655,2.008046297063988,1.2999446074895333,1.7768762004179102,0.82861712351219,2.5546436529223295,0.9765625,0.19334154464716774,0.88,99962.65234375,410.421875,2376.5526676430663,187.8874449488859,0.023774405859806665,47.44807168309649,7.780443758316045,0.68359375,0.16347497828065938,0.32,-0.16765490026914356,2.65088446407042,12.582290334604481,7.756741291915253,2.9839881929483854,0.7082113461304612,0.9543634049300159,0.6426696359586233,0.855699951997402,0.21742526787359928,0.19614951739494632,0.5280841190921499,1.0664228780318135,27.247927226423325,0.07530430191756456,-0.08165565409854524,0.13461118067890876,1.0,0.6778713298778475,0.24707379756410006,0.04958756681163717,0.1504099133237546,1.0171984174021125,0.3333333333333333,0.6666666666666667,2.0,0.0,4.183512091636658,19.63664944966634,2.207750500470085,0.6945591721593909,1.4587236167453455,2.805394338542932,2.5390625,0.2892211973179422,0.1535350481669108,23.911381945014,2.453161398971953,20.84621163076954,1.2967528249076807,2.8372576089340376,2.44140625,0.22593802677401909,0.6896117528279619,19.45131285985311,2.4098463821621103,5.139142551668507,1.390302293527381,2.0318927356268652,2.83203125,0.292807899376394,0.1535350481669108,4.183512091636658,4.029977043469747,1.0664228843957795,2.43656192223231,2.905696695087348,3.544013103099162,0.6383164080118142,0.08108791031999925,3.3723186049843363,2.207750500470085,2.453161398971953,0.045377187766577676,2.431503890567032,0.6945591721593909,20.84621163076954,20.15165245861015,0.9720299112429629,12.992677091219024,1.2967528249076807,1.4587236167453455,0.16197079183766472,0.04804092865232591,1.4245129551363633,2.0318927356268652,2.8372576089340376,0.8053648733071723,0.14556029999562933,2.821325973738485,0.22593802677401909,0.292807899376394,0.06686987260237492,0.11403542741652059,0.2910145483471681,0.0,0.0,-147.4901619651344,-0.07363924204163336,-0.1471436753036579,87.15313853717696,0.9316390802206231,1.967672086063985,1327.5572967621422,1.1300991574923194,99927.1640625,0.19334154464716774,2.5546436529223295,2.63671875,24.841988709112986,3.0,-0.018216653432550196,-0.08445013001746257,-0.055361434922976044,1183.5148776782173,88454.76229314056,2.4051624326696186,0.19843346798928516,0.68359375,7.780443758316045,2.469856547697616,8.446912688053631,0.008,0.0,22.472618390435144,1.4078073576309695,0.7619430823865943,-1.8047238588333132,17.51425073544184,2.6647642435263617,2.027247239025039,1.4765495732106513,0.9921604202730518,2.1765916633632343,0.9765625,0.15747006927944224,0.88,-0.034704110336713195,2.451793247724922,0.1774193548387097,0.5781264540287236,0.8608177735090604,2.988266545786694,1.0776005565102507,0.2837868489081904,0.0,0.0,0.0
s_0008,0,9,-2000.0,0,False,,0.0,0.04032258064516129,21.519250465509735,0.010519174785944767,0.5670195063842867,0.22364194586812097,0.83110439391819,0.4691003073014065,125.0,5.0,1.1826169855859543,9.657535467867127,6.537090056949677,1.2873530994741156,99583.888875,4466.869334529929,100587.65078125,0.0772795250758212,1.587595170984665,12.189019135302969,2.0437955640798218,1.3762525220126038,1.2873530994741156,0.834006164547685,3.3109846976606137,0.9765625,0.3390509460270512,1.0,99994.69921875,427.46875,2371.444959915786,168.30934869610343,0.023715706716892816,61.05313152111739,7.6025628857233984,0.68359375,0.16512008431965064,0.32,-0.08661177803464444,2.6093783277188556,5.454667173367865,7.368621608764312,2.91147117144798,0.7311293845333148,0.9633294199537317,0.6636470374052037,0.8633896053713619,0.21185364548190355,0.1850938445644571,0.5067242696418299,0.8854591935122358,11.454474643232105,0.03692742459576471,-0.10436508918321544,0.17006653839014974,1.0,0.6808052156269927,0.2761300826764434,0.06230217708410007,0.1659787662094025,1.016913295344328,0.3333333333333333,0.6666666666666667,2.0,0.0,4.669908205668132,22.73716402053833,2.2071791815131907,0.6397342487926728,1.427830467247356,2.446817906425418,2.34375,0.176521360838991,2.855706532796224,21.06834856669108,1.8998481658676574,1.1808986119367932,1.3441125162401955,2.405472347757803,0.87890625,0.17112499408985105,-0.40769290924072266,22.29359181722005,2.814883655095345,9.150869842626253,1.44954046459397,2.268731476432486,1.07421875,0.3406677969977477,-0.40769290924072266,4.669908205668132,5.0776011149088545,0.7944516497821804,3.7628073692321777,2.9875002178851204,3.730744748241792,0.7432445303566717,0.09023057508066402,3.5515223144610237,1.8998481658676574,2.814883655095345,0.16478606615458824,2.5110314183042677,0.6397342487926728,9.150869842626253,8.51113559383358,1.0639139194373144,5.1658842272815235,1.3441125162401955,1.44954046459397,0.10542794835377456,0.032302329040896,1.438685465920663,2.268731476432486,2.446817906425418,0.1780864299929319,0.03206043901181867,2.4261451270916106,0.17112499408985105,0.3406677969977477,0.16954280290789664,0.3429342079445754,0.25859457891836934,0.0,0.0,-151.172814339219,-0.018264013025320703,-0.11889624263924191,21.19199317089774,0.9281253212875427,2.042113776607854,1310.4902001463145,1.587595170984665,99960.140625,0.3390509460270512,3.3109846976606137,2.05078125,24.554277024623158,4.0,-0.04063727057954316,-0.2086136987823896,-0.1395740759268083,1160.3141730970149,62985.01094373314,2.1400633092344057,0.22097256638970098,0.68359375,7.6025628857233984,2.4473909360544464,8.2937299149774,0.008,0.0,75.28286634087571,1.2190610209689965,0.8227732646463041,-0.5552223722139996,18.67808030049006,2.838350954297581,2.1189684169347482,5.112097596084205,1.1604463612185862,2.7839237457574475,0.9765625,0.36517362899277256,1.0,-0.0444028927059207,2.3766300517142422,0.20161290322580644,0.5977695772940524,0.6573262108384917,2.6096854868558035,0.6332363718634012,0.4830907623087538,0.0,0.0,0.0
